# Retreiving data

## Selecting a column from a table

```sql
SELECT prod_name FROM products;
```

```text
+----------------+
| prod_name      |
+----------------+
| .5 ton anvil   |
| 1 ton anvil    |
| 2 ton anvil    |
| Detonator      |
| Bird seed      |
| Carrots        |
| Fuses          |
| JetPack 1000   |
| JetPack 2000   |
| Oil can        |
| Safe           |
| Sling          |
| TNT (1 stick)  |
| TNT (5 sticks) |
+----------------+
14 rows in set (0.00 sec)
```

## Selecting multiple columns form a table

```sql
SELECT prod_id, prod_name, prod_price FROM products;
```

```text
+---------+----------------+------------+
| prod_id | prod_name      | prod_price |
+---------+----------------+------------+
| ANV01   | .5 ton anvil   |       5.99 |
| ANV02   | 1 ton anvil    |       9.99 |
| ANV03   | 2 ton anvil    |      14.99 |
| DTNTR   | Detonator      |      13.00 |
| FB      | Bird seed      |      10.00 |
| FC      | Carrots        |       2.50 |
| FU1     | Fuses          |       3.42 |
| JP1000  | JetPack 1000   |      35.00 |
| JP2000  | JetPack 2000   |      55.00 |
| OL1     | Oil can        |       8.99 |
| SAFE    | Safe           |      50.00 |
| SLING   | Sling          |       4.49 |
| TNT1    | TNT (1 stick)  |       2.50 |
| TNT2    | TNT (5 sticks) |      10.00 |
+---------+----------------+------------+
14 rows in set (0.00 sec)
```

## Selecting all columns from a table

```sql
SELECT * FROM products;
```

```text
+---------+---------+----------------+------------+----------------------------------------------------------------+
| prod_id | vend_id | prod_name      | prod_price | prod_desc                                                      |
+---------+---------+----------------+------------+----------------------------------------------------------------+
| ANV01   |    1001 | .5 ton anvil   |       5.99 | .5 ton anvil, black, complete with handy hook                  |
| ANV02   |    1001 | 1 ton anvil    |       9.99 | 1 ton anvil, black, complete with handy hook and carrying case |
| ANV03   |    1001 | 2 ton anvil    |      14.99 | 2 ton anvil, black, complete with handy hook and carrying case |
| DTNTR   |    1003 | Detonator      |      13.00 | Detonator (plunger powered), fuses not included                |
| FB      |    1003 | Bird seed      |      10.00 | Large bag (suitable for road runners)                          |
| FC      |    1003 | Carrots        |       2.50 | Carrots (rabbit hunting season only)                           |
| FU1     |    1002 | Fuses          |       3.42 | 1 dozen, extra long                                            |
| JP1000  |    1005 | JetPack 1000   |      35.00 | JetPack 1000, intended for single use                          |
| JP2000  |    1005 | JetPack 2000   |      55.00 | JetPack 2000, multi-use                                        |
| OL1     |    1002 | Oil can        |       8.99 | Oil can, red                                                   |
| SAFE    |    1003 | Safe           |      50.00 | Safe with combination lock                                     |
| SLING   |    1003 | Sling          |       4.49 | Sling, one size fits all                                       |
| TNT1    |    1003 | TNT (1 stick)  |       2.50 | TNT, red, single stick                                         |
| TNT2    |    1003 | TNT (5 sticks) |      10.00 | TNT, red, pack of 10 sticks                                    |
+---------+---------+----------------+------------+----------------------------------------------------------------+
14 rows in set (0.00 sec)
```

## Filtering duplicate values

For example take the following query. The result is a single columns with the `vend_id`'s. Some id's are defined in multiple rows.

```sql
SELECT vend_id FROM products;
```

```text
+---------+
| vend_id |
+---------+
|    1001 |
|    1001 |
|    1001 |
|    1002 |
|    1002 |
|    1003 |
|    1003 |
|    1003 |
|    1003 |
|    1003 |
|    1003 |
|    1003 |
|    1005 |
|    1005 |
+---------+
14 rows in set (0.00 sec)
```

If you would like to have a list of all available id's, you are not interested in the duplicate values. With SQL, you can use the `DISTINCT` keyword to filter out the duplicate results.

```sql
SELECT DISTINCT vend_id FROM products;
```

```text
+---------+
| vend_id |
+---------+
|    1001 |
|    1002 |
|    1003 |
|    1005 |
+---------+
4 rows in set (0.00 sec)
```

